fixed acidity,volatile acidity,quality,citric acid,total sulfur dioxide
7.4,0.7,5,0,34
7.8,0.88,5,0,67
7.8,0.76,5,0.04,54
11.2,0.28,6,0.56,60
7.4,0.66,5,0,40
7.9,0.6,5,0.06,59
7.3,0.65,7,0,21
7.8,0.58,7,0.02,18
7.5,0.5,5,0.36,102
6.7,0.58,5,0.08,65
5.6,0.615,5,0,59
7.8,0.61,5,0.29,29
8.9,0.62,5,0.18,145
8.9,0.62,5,0.19,148
8.5,0.28,7,0.56,103
8.1,0.56,5,0.28,56
7.4,0.59,4,0.08,29
7.9,0.32,6,0.51,56
8.9,0.22,6,0.48,60
7.6,0.39,5,0.31,71
7.9,0.43,5,0.21,37
8.5,0.49,5,0.11,67
6.9,0.4,6,0.14,40
6.3,0.39,5,0.16,23
7.6,0.41,5,0.24,11
7.1,0.71,5,0,35
7.8,0.645,6,0,16
6.7,0.675,5,0.07,82
6.9,0.685,6,0,37
8.3,0.655,5,0.12,113
6.9,0.605,6,0.12,83
5.2,0.32,5,0.25,50
7.8,0.645,6,0,18
7.8,0.6,6,0.14,15
8.1,0.38,7,0.28,30
5.7,1.13,4,0.09,19
7.3,0.45,5,0.36,87
8.8,0.61,4,0.3,46
7.5,0.49,6,0.2,14
8.1,0.66,5,0.22,23
6.8,0.67,5,0.02,11
4.6,0.52,4,0.15,65
7.7,0.935,5,0.43,114
8.7,0.29,5,0.52,37
6.4,0.4,5,0.23,12
5.6,0.31,5,0.37,96
8.8,0.66,5,0.26,23
6.6,0.52,6,0.04,15
6.6,0.5,6,0.04,14
8.6,0.38,5,0.36,119
7.6,0.51,6,0.15,73
7.7,0.62,5,0.04,45
10.2,0.42,5,0.57,10
7.5,0.63,5,0.12,110
7.8,0.59,5,0.18,54
7.3,0.39,6,0.31,46
8.8,0.4,5,0.4,52
7.7,0.69,5,0.49,112
7.5,0.52,7,0.16,35
7,0.735,5,0.05,54
7.2,0.725,5,0.05,11
7.5,0.52,5,0.11,39
6.6,0.705,5,0.07,15
9.3,0.32,5,0.57,65
8,0.705,6,0.05,19
7.7,0.63,6,0.08,27
7.7,0.67,5,0.23,96
7.7,0.69,5,0.22,94
8.3,0.675,4,0.26,43
9.7,0.32,5,0.54,83
8.8,0.41,5,0.64,42
6.8,0.785,6,0,30
6.7,0.75,5,0.12,80
8.3,0.625,4,0.2,119
6.2,0.45,5,0.2,15
7.8,0.43,5,0.7,67
7.4,0.5,5,0.47,73
7.3,0.67,5,0.26,51
6.3,0.3,6,0.48,61
6.9,0.55,5,0.15,40
8.6,0.49,6,0.28,136
7.7,0.49,5,0.26,31
9.3,0.39,5,0.44,125
7,0.62,5,0.08,24
7.9,0.52,5,0.26,140
8.6,0.49,5,0.29,133
5,1.02,4,0.04,85
4.7,0.6,6,0.17,106
6.8,0.775,5,0,23
7,0.5,5,0.25,22
7.6,0.9,5,0.06,10
8.1,0.545,6,0.18,35
8.3,0.61,6,0.3,50
7.8,0.5,6,0.3,22
8.1,0.575,5,0.22,65
7.2,0.49,5,0.24,36
7.8,0.41,5,0.68,69
6.2,0.63,5,0.31,64
8,0.33,6,0.53,80
8.1,0.785,5,0.52,153
7.8,0.56,5,0.19,47
8.4,0.62,5,0.09,108
8.4,0.6,5,0.1,111
10.1,0.31,6,0.44,46
9.4,0.4,6,0.31,62
8.3,0.54,6,0.28,40
7.8,0.56,6,0.12,28
8.8,0.55,6,0.04,56
7,0.69,6,0.08,89
7.3,1.07,5,0.09,89
7.3,0.695,5,0,13
8,0.71,5,0,34
7.8,0.5,5,0.17,102
9,0.62,5,0.04,90
8.2,1.33,5,0,12
8.1,1.33,5,0,12
8,0.59,7,0.16,16
6.1,0.38,5,0.15,19
8,0.745,5,0.56,134
5.6,0.5,5,0.09,99
6.6,0.5,6,0.01,26
7.9,1.04,6,0.05,29
8.4,0.745,5,0.11,63
8.3,0.715,5,0.15,52
7.2,0.415,5,0.36,45
7.8,0.56,5,0.19,105
7.8,0.56,5,0.19,108
5.2,0.34,6,0,63
6.3,0.39,5,0.08,20
8.1,0.67,5,0.55,141
5.8,0.68,5,0.02,94
7.6,0.49,5,0.26,88
6.9,0.49,6,0.1,30
8.2,0.4,6,0.44,43
7.3,0.33,6,0.47,11
9.2,0.52,4,1,69
7.5,0.6,5,0.03,99
7.1,0.43,5,0.42,129
7.1,0.43,5,0.42,128
7.1,0.68,5,0,22
6.8,0.6,6,0.18,86
7.6,0.95,5,0.03,20
7.6,0.68,4,0.02,20
7.8,0.53,6,0.04,31
7.4,0.6,5,0.26,121
7.3,0.59,5,0.26,121
7.8,0.63,5,0.48,96
6.8,0.64,5,0.1,101
7.3,0.55,4,0.03,42
6.8,0.63,6,0.07,44
7.5,0.705,5,0.24,63
7.9,0.885,4,0.03,8
8,0.42,6,0.17,18
7.4,0.62,6,0.05,42
7.3,0.38,5,0.21,35
6.9,0.5,5,0.04,49
7.5,0.52,6,0.42,38
7,0.805,5,0,20
8.8,0.61,5,0.14,42
8.9,0.61,5,0.49,110
7.2,0.73,5,0.02,42
6.8,0.61,5,0.2,65
6.7,0.62,6,0.21,62
8.9,0.31,5,0.57,85
7.4,0.39,5,0.48,67
7.7,0.705,5,0.1,26
7.9,0.5,5,0.33,143
7.9,0.49,5,0.32,144
8.2,0.5,5,0.35,127
6.4,0.37,6,0.25,49
6.8,0.63,5,0.12,126
7.6,0.55,5,0.21,28
7.8,0.59,5,0.33,120
7.3,0.58,5,0.3,55
11.5,0.3,6,0.6,27
5.4,0.835,7,0.08,93
6.9,1.09,4,0.06,31
9.6,0.32,7,0.47,24
8.8,0.37,5,0.48,145
6.8,0.5,5,0.11,49
7,0.42,5,0.35,39
7,0.43,6,0.36,37
12.8,0.3,7,0.74,28
7.8,0.57,5,0.31,120
7.8,0.44,5,0.28,95
11,0.3,7,0.58,19
9.7,0.53,6,0.6,19
8,0.725,6,0.24,62
11.6,0.44,6,0.64,15
8.2,0.57,5,0.26,65
7.8,0.735,6,0.08,41
7,0.49,5,0.49,121
8.7,0.625,5,0.16,49
8.1,0.725,5,0.22,41
7.5,0.49,5,0.19,44
7.8,0.53,5,0.33,144
7.8,0.34,6,0.37,58
7.4,0.53,5,0.26,72
6.8,0.61,5,0.04,10
8.6,0.645,6,0.25,28
8.4,0.635,4,0.36,55
7.7,0.43,6,0.25,63
8.9,0.59,6,0.5,81
9,0.82,5,0.14,23
6.9,0.52,5,0.25,37
5.2,0.48,7,0.04,106
8,0.38,6,0.06,49
8.5,0.37,6,0.2,58
8.2,1,6,0.09,37
7.2,0.63,6,0,38
7.2,0.645,6,0,39
8.9,0.635,5,0.37,62
12,0.38,6,0.56,24
7.7,0.58,6,0.1,109
15,0.21,7,0.44,24
7.3,0.66,6,0,23
7.1,0.68,5,0.07,51
8.2,0.6,5,0.17,73
7.7,0.53,6,0.06,39
10.8,0.32,6,0.44,37
7.1,0.6,6,0,34
11.1,0.35,5,0.48,21
7.7,0.775,5,0.42,86
8,0.57,5,0.23,119
9.4,0.34,5,0.37,13
6.6,0.695,5,0,56
7.7,0.41,5,0.76,45
10,0.31,7,0.47,33
7.9,0.33,5,0.23,45
7,0.975,4,0.04,67
8,0.52,5,0.03,35
7.9,0.37,5,0.23,49
12.5,0.56,5,0.49,27
11.8,0.26,7,0.52,10
8.1,0.87,4,0,61
7.9,0.35,8,0.46,37
6.9,0.54,6,0.04,27
11.5,0.18,6,0.51,23
7.9,0.545,6,0.06,61
10.9,0.37,5,0.58,65
8.4,0.715,5,0.2,38
7.5,0.65,5,0.18,94
10.3,0.32,8,0.45,13
8.9,0.4,7,0.32,47
11.4,0.26,6,0.44,19
7.7,0.27,7,0.68,10
7.6,0.52,5,0.12,53
9.9,0.59,5,0.07,71
12,0.45,6,0.55,49
7.5,0.4,6,0.12,53
8.7,0.52,7,0.09,49
11.6,0.42,5,0.53,98
11,0.2,5,0.48,18
10.4,0.55,6,0.23,48
6.9,0.36,6,0.25,16
13.3,0.34,6,0.52,53
10.8,0.5,5,0.46,27
10.6,0.83,5,0.37,70
7.1,0.63,5,0.06,29
7.2,0.65,5,0.02,31
6.9,0.67,5,0.06,33
7.5,0.53,6,0.06,44
11.1,0.18,6,0.48,15
8.3,0.705,5,0.12,28
7.4,0.67,5,0.12,21
8.4,0.65,5,0.6,90
10.3,0.53,6,0.48,25
7.6,0.62,5,0.32,54
10.3,0.41,6,0.42,14
10.3,0.43,6,0.44,12
7.4,0.29,6,0.38,30
7.9,0.53,6,0.24,105
9,0.46,6,0.31,98
8.6,0.47,5,0.3,135
7.4,0.36,5,0.29,72
7.1,0.35,6,0.29,53
9.6,0.56,5,0.23,92
9.6,0.77,6,0.12,74
9.8,0.66,7,0.39,59
9.3,0.61,5,0.26,87
7.8,0.62,5,0.05,18
10.3,0.59,6,0.42,73
10,0.49,6,0.2,50
11.6,0.53,7,0.66,14
10.3,0.44,5,0.5,13
13.4,0.27,6,0.62,21
10.7,0.46,5,0.39,15
10.2,0.36,6,0.64,41
8,0.58,6,0.28,114
8.4,0.56,5,0.08,44
7.9,0.65,7,0.01,38
11.9,0.695,7,0.53,21
8.9,0.43,6,0.45,16
7.8,0.43,5,0.32,58
12.4,0.49,6,0.58,99
12.5,0.28,7,0.54,29
12.2,0.34,6,0.5,21
10.6,0.42,6,0.48,18
10.9,0.39,6,0.47,14
11.9,0.57,6,0.5,32
